slug,title,title_eng,link,year,description,releaseYear,rating,star,runtime,network,status,trailer,recommendationScore
kul-masali,Kül Masalı,The Ash Tale,"
https://www.imdb.com/title/tt13443350/
",2022,A modern retelling of the Cinderella fairy tale set in Istanbul.,2022,7.5,7.8,60 min,Kanal D,Ended,"
https://www.youtube.com/watch?v=aCLQZSqOXZA
",7.5
yali-capkini,Yalı Çapkını,The Bosphorus Playboy,"
https://www.imdb.com/title/tt13443350/
",2021,A playboy who lives on the Bosphorus falls for a woman who is the complete opposite of him.,2021,6.5,6.9,120 min,Fox,Ended,"
https://www.youtube.com/watch?v=aCLQZSqOXZA
",6.5
zamani-kapilari,Zamanın Kapıları,The Doors of Time,"
https://www.imdb.com/title/tt13443350/
",2021,A group of friends discover a door that allows them to travel through time.,2021,7.2,7.5,45 min,TRT1,Ended,"
https://www.youtube.com/watch?v=aCLQZSqOXZA
",7.2
yalan,Yalan,Lie,"
https://www.imdb.com/title/tt13443350/
",2022,A woman discovers her husband has been lying to her for years.,2022,7.8,8.1,60 min,Kanal D,Ended,"
https://www.youtube.com/watch?v=aCLQZSqOXZA
",7.8
yaban-cicekleri,Yaban Çiçekleri,Wild Flowers,"
https://www.imdb.com/title/tt13443350/
",2023,Four friends navigate life and love in Istanbul.,2023,8,8.3,90 min,Fox,Ongoing,"
https://www.youtube.com/watch?v=aCLQZSqOXZA
",8
yan-oda,Yan Oda,The Side Room,"
https://www.imdb.com/title/tt13443350/
",2022,A woman rents a side room in her apartment to a mysterious stranger.,2022,7.5,7.8,60 min,Kanal D,Ended,"
https://www.youtube.com/watch?v=aCLQZSqOXZA
",7.5
korkma-ben-yanindayim,Korkma Ben Yanındayım,"Don't Be Afraid, I'm By Your Side","
https://www.imdb.com/title/tt13443350/
",2021,A woman with a troubled past finds solace in a new relationship.,2021,7,7.2,45 min,Kanal 7,Ended,"
https://www.youtube.com/watch?v=aCLQZSqOXZA
",7
tas-kagit-makas,Taş Kağıt Makas,Rock Paper Scissors,"
https://www.imdb.com/title/tt13443350/
",2022,Three friends navigate the ups and downs of their relationships.,2022,7.2,7.5,60 min,Kanal D,Ended,"
https://www.youtube.com/watch?v=aCLQZSqOXZA
",7.2
mehmed-fetihler-sultani,Mehmed Fetihler Sultanı,Mehmed the Conqueror,"
https://www.imdb.com/title/tt13443350/
",2018,A historical drama about the life of Ottoman Sultan Mehmed the Conqueror.,2018,8.2,8.5,120 min,TRT1,Ended,"
https://www.youtube.com/watch?v=aCLQZSqOXZA
",8.2
kara-agac-destani,Kara Ağaç Destanı,The Legend of the Black Tree,"
https://www.imdb.com/title/tt13443350/
",2021,A family saga set in the rural countryside of Turkey.,2021,7.8,8,90 min,TRT1,Ended,"
https://www.youtube.com/watch?v=aCLQZSqOXZA
",7.8
sen-cal-kapimi,Sen Çal Kapımı,You Knock On My Door,"
https://www.imdb.com/title/tt12249596/
",2020,A woman who believes in love at first sight falls for a man who doesn't believe in love at all.,2020,TV-PG,8.1,135 min,Fox,Ended,"
https://www.youtube.com/watch?v=Ij3Lc3vr7Ug
",7.4
senden-once,Senden Önce,Before You,https://www.imdb.com/title/ttXXXXXXX/,2023,A romantic drama about love and sacrifice.,2023,8,8.2,60 min,Kanal D,Ended,https://www.youtube.com/watch?v=XXXXXXX,8
bahar,Bahar,Spring,https://www.imdb.com/title/ttXXXXXXX/,2022,A story of hope and renewal set in the spring.,2022,7.5,7.8,50 min,Star TV,Ended,https://www.youtube.com/watch?v=XXXXXXX,7.5
gelin,Gelin,The Bride,https://www.imdb.com/title/ttXXXXXXX/,2021,A romantic tale of love and family.,2021,7,7.3,60 min,Kanal D,Ended,https://www.youtube.com/watch?v=XXXXXXX,7
bir-sevdadir,Bir Sevdadır,A Love Story,https://www.imdb.com/title/ttXXXXXXX/,2021,A heartfelt story of love and destiny.,2021,8.1,8.4,55 min,TRT1,Ended,https://www.youtube.com/watch?v=XXXXXXX,8.1
kopuk,Kopuk,The Broken,https://www.imdb.com/title/ttXXXXXXX/,2022,A drama about broken relationships and healing.,2022,7.2,7.5,60 min,Show TV,Ended,https://www.youtube.com/watch?v=XXXXXXX,7.2
inci-taneleri,İnci Taneleri,Pearls,https://www.imdb.com/title/ttXXXXXXX/,2023,A family drama about love and betrayal.,2023,8,8.3,70 min,Kanal 7,Ongoing,https://www.youtube.com/watch?v=XXXXXXX,8
gaddar,Gaddar,The Ruthless,https://www.imdb.com/title/ttXXXXXXX/,2022,A thriller about revenge and justice.,2022,7.5,7.7,60 min,Star TV,Ended,https://www.youtube.com/watch?v=XXXXXXX,7.5
aska-dusman,Aşka Düşman,Enemy of Love,https://www.imdb.com/title/ttXXXXXXX/,2023,A story of love that faces many challenges.,2023,7.8,8,55 min,TRT1,Ongoing,https://www.youtube.com/watch?v=XXXXXXX,7.8
ruzgarli-tepe,Rüzgarlı Tepe,Windy Hill,https://www.imdb.com/title/ttXXXXXXX/,2022,A gripping tale of survival and resilience.,2022,8.2,8.5,60 min,Fox,Ended,https://www.youtube.com/watch?v=XXXXXXX,8.2
yildizlar-bana-uzak,Yıldızlar Bana Uzak,Stars Are Far From Me,https://www.imdb.com/title/ttXXXXXXX/,2023,A romantic drama exploring distance and longing.,2023,7.9,8.1,50 min,Kanal D,Ongoing,https://www.youtube.com/watch?v=XXXXXXX,7.9
arak,Arak,The Chase,https://www.imdb.com/title/ttXXXXXXX/,2022,A thrilling chase through the streets of Istanbul.,2022,7.4,7.6,60 min,Show TV,Ended,https://www.youtube.com/watch?v=XXXXXXX,7.4
kizil-goncalar,Kızıl Goncalar,Red Flowers,https://www.imdb.com/title/ttXXXXXXX/,2023,A story of love blooming in unexpected places.,2023,8.1,8.4,55 min,Kanal 7,Ongoing,https://www.youtube.com/watch?v=XXXXXXX,8.1
sandik-kokusu,Sandık Kokusu,The Smell of the Chest,https://www.imdb.com/title/ttXXXXXXX/,2022,A drama about family secrets and revelations.,2022,7.3,7.5,60 min,TRT1,Ended,https://www.youtube.com/watch?v=XXXXXXX,7.3
ne-gemiler-yaktim,Ne Gemiler Yaktım,What Ships I Burned,https://www.imdb.com/title/ttXXXXXXX/,2023,A poignant tale of loss and redemption.,2023,8,8.2,60 min,Kanal D,Ongoing,https://www.youtube.com/watch?v=XXXXXXX,8
altin-kafes,Altın Kafes,The Golden Cage,https://www.imdb.com/title/ttXXXXXXX/,2022,A drama about love and betrayal in a wealthy family.,2022,7.4,7.6,60 min,Star TV,Ended,https://www.youtube.com/watch?v=XXXXXXX,7.4
kudus-fatihi-selahaddin-eyyubi,Kudüs Fatihi Selahaddin Eyyubi,Saladin: Conqueror of Jerusalem,https://www.imdb.com/title/ttXXXXXXX/,2023,A historical drama about Saladin and the conquest of Jerusalem.,2023,8.1,8.3,120 min,TRT1,Ongoing,https://www.youtube.com/watch?v=XXXXXXX,8.1
kod-adi-kirlangic,Kod Adı Kirlangıç,Codename: Swallow,https://www.imdb.com/title/ttXXXXXXX/,2022,A thrilling story of espionage and undercover operations.,2022,7.6,7.8,60 min,Kanal D,Ended,https://www.youtube.com/watch?v=XXXXXXX,7.6
bir-derdim-var,Bir Derdim Var,I Have a Problem,https://www.imdb.com/title/ttXXXXXXX/,2021,A heartfelt story of personal struggles and relationships.,2021,7.3,7.5,55 min,Show TV,Ended,https://www.youtube.com/watch?v=XXXXXXX,7.3
sakla-beni,Sakla Beni,Hide Me,https://www.imdb.com/title/ttXXXXXXX/,2022,A suspenseful drama about secrets and hidden pasts.,2022,7.5,7.7,60 min,Kanal D,Ended,https://www.youtube.com/watch?v=XXXXXXX,7.5
sahane-hayatim,Şahane Hayatım,My Wonderful Life,https://www.imdb.com/title/ttXXXXXXX/,2023,A comedic take on life’s ups and downs.,2023,8,8.2,50 min,Star TV,Ongoing,https://www.youtube.com/watch?v=XXXXXXX,8
kader-baglari,Kader Bağları,Fate Ties,https://www.imdb.com/title/ttXXXXXXX/,2022,A story about love intertwined with fate.,2022,7.4,7.6,60 min,TRT1,Ended,https://www.youtube.com/watch?v=XXXXXXX,7.4
kirli-sepeti,Kirli Sepeti,Dirty Basket,https://www.imdb.com/title/ttXXXXXXX/,2023,A dramatic exploration of family and secrets.,2023,7.5,7.8,55 min,Kanal D,Ongoing,https://www.youtube.com/watch?v=XXXXXXX,7.5
hudutsuz-sevda,Hudutsuz Sevda,Boundless Love,https://www.imdb.com/title/ttXXXXXXX/,2022,A passionate love story that knows no boundaries.,2022,8.2,8.4,60 min,Star TV,Ended,https://www.youtube.com/watch?v=XXXXXXX,8.2
yabani,Yabani,Wild,https://www.imdb.com/title/ttXXXXXXX/,2023,A story of survival and self-discovery in the wild.,2023,7.9,8.1,60 min,Kanal D,Ongoing,https://www.youtube.com/watch?v=XXXXXXX,7.9
bambaska-biri,Bambaşka Biri,Someone Different,https://www.imdb.com/title/ttXXXXXXX/,2022,A unique story about identity and belonging.,2022,7.6,7.8,55 min,Show TV,Ended,https://www.youtube.com/watch?v=XXXXXXX,7.6
dilek-tasi,Dilek Taşı,Wish Stone,https://www.imdb.com/title/ttXXXXXXX/,2023,A magical tale about wishes and dreams.,2023,8,8.2,60 min,TRT1,Ongoing,https://www.youtube.com/watch?v=XXXXXXX,8
safir,Safir,Sapphire,https://www.imdb.com/title/ttXXXXXXX/,2023,A gripping drama about love and betrayal.,2023,7.7,8,60 min,Kanal D,Ongoing,https://www.youtube.com/watch?v=XXXXXXX,7.7
ruhun-duymaz,Ruhun Duymaz,Deaf to the Soul,https://www.imdb.com/title/ttXXXXXXX/,2023,A drama about a woman who loses her hearing and her journey to find her voice again.,2023,7.5,7.8,60 min,Fox,Ongoing,https://www.youtube.com/watch?v=XXXXXXX,7.5
yaz-sarkisi,Yaz Şarkısı,Summer Song,https://www.imdb.com/title/ttXXXXXXX/,2022,A romantic drama set against the backdrop of a summer in Istanbul.,2022,7.2,7.4,55 min,Kanal D,Ended,https://www.youtube.com/watch?v=XXXXXXX,7.2
hayatimin-nesesi,Hayatımın Neşesi,The Joy of My Life,https://www.imdb.com/title/ttXXXXXXX/,2021,A heartwarming comedy-drama about finding joy in life.,2021,7.8,8,50 min,Show TV,Ended,https://www.youtube.com/watch?v=XXXXXXX,7.8
ya-cok-seversen,Ya Çok Seversen,If You Love Too Much,https://www.imdb.com/title/ttXXXXXXX/,2022,A romantic drama about the consequences of loving too deeply.,2022,7.6,7.8,60 min,ATV,Ended,https://www.youtube.com/watch?v=XXXXXXX,7.6
donence,Dönence,Vortex,https://www.imdb.com/title/ttXXXXXXX/,2023,A sci-fi thriller about a group of people trapped in a time loop.,2023,7.9,8.1,60 min,Netflix,Ongoing,https://www.youtube.com/watch?v=XXXXXXX,7.9
kendi-dusen-aglamaz,Kendi Düşen Ağlamaz,He Who Falls Doesn't Cry,https://www.imdb.com/title/ttXXXXXXX/,2022,A drama about a man who falls from grace and his journey to redemption.,2022,7.4,7.6,55 min,TRT1,Ended,https://www.youtube.com/watch?v=XXXXXXX,7.4
benim-guzel-ailem,Benim Güzel Ailem,My Beautiful Family,https://www.imdb.com/title/ttXXXXXXX/,2021,A comedy-drama about a quirky family navigating life together.,2021,7.7,7.9,50 min,Show TV,Ended,https://www.youtube.com/watch?v=XXXXXXX,7.7
uvey-anne,Üvey Anne,Stepmother,https://www.imdb.com/title/ttXXXXXXX/,2022,A drama about a woman who becomes a stepmother and the challenges she faces.,2022,7.5,7.7,60 min,Kanal D,Ended,https://www.youtube.com/watch?v=XXXXXXX,7.5
vermem-seni-ellere,Vermem Seni Ellere,I Won't Give You Away,https://www.imdb.com/title/ttXXXXXXX/,2023,A romantic drama about a woman who refuses to let go of her love.,2023,8,8.2,60 min,ATV,Ongoing,https://www.youtube.com/watch?v=XXXXXXX,8
kismet,Kısmet,Destiny,https://www.imdb.com/title/ttXXXXXXX/,2022,A drama about the power of fate and destiny in people's lives.,2022,7.3,7.5,55 min,TRT1,Ended,https://www.youtube.com/watch?v=XXXXXXX,7.3
maviye-surgun,Maviye Sürgün,Exiled to Blue,https://www.imdb.com/title/ttXXXXXXX/,2023,A drama about a man who is exiled to a remote village and finds unexpected love.,2023,7.8,8,60 min,Fox,Ongoing,https://www.youtube.com/watch?v=XXXXXXX,7.8
tetikcinin-oglu,Tetikçinin Oğlu,The Hitman's Son,https://www.imdb.com/title/ttXXXXXXX/,2022,An action-packed drama about a hitman and his son.,2022,7.6,7.8,60 min,Show TV,Ended,https://www.youtube.com/watch?v=XXXXXXX,7.6
gulcemal,Gülcemal,Rose-Cheeked,https://www.imdb.com/title/ttXXXXXXX/,2021,A historical drama set in the Ottoman Empire.,2021,7.9,8.1,120 min,TRT1,Ended,https://www.youtube.com/watch?v=XXXXXXX,7.9
yuz-yillik-mucize,Yüz Yıllık Mucize,A Hundred-Year Miracle,https://www.imdb.com/title/ttXXXXXXX/,2022,A drama about a family that experiences a miraculous event.,2022,7.7,7.9,60 min,Kanal D,Ended,https://www.youtube.com/watch?v=XXXXXXX,7.7
esaret,Esaret,Captivity,https://www.imdb.com/title/ttXXXXXXX/,2023,A drama about a woman who is held captive and her fight for freedom.,2023,8.1,8.3,60 min,ATV,Ongoing,https://www.youtube.com/watch?v=XXXXXXX,8.1
kralice,Kraliçe,Queen,https://www.imdb.com/title/ttXXXXXXX/,2022,A drama about a woman who rises to power and becomes a queen.,2022,8,8.2,60 min,Fox,Ended,https://www.youtube.com/watch?v=XXXXXXX,8
fedakar,Fedakar,The Sacrificer,https://www.imdb.com/title/ttXXXXXXX/,2023,A drama about a man who makes sacrifices for his loved ones.,2023,7.6,7.8,55 min,TRT1,Ongoing,https://www.youtube.com/watch?v=XXXXXXX,7.6
kan-cicekleri,Kan Çiçekleri,Blood Flowers,https://www.imdb.com/title/ttXXXXXXX/,2023,A gripping drama about love and family feuds.,2023,7.5,7.8,60 min,ATV,Ongoing,https://www.youtube.com/watch?v=XXXXXXX,7.5
aile,Aile,Family,https://www.imdb.com/title/ttXXXXXXX/,2023,A heartwarming story about the bonds of family.,2023,8,8.2,60 min,Show TV,Ongoing,https://www.youtube.com/watch?v=XXXXXXX,8
adim-farah,Adım Farah,My Name is Farah,https://www.imdb.com/title/ttXXXXXXX/,2023,A thrilling story of a woman who fights for justice.,2023,7.8,8.1,60 min,Kanal D,Ongoing,https://www.youtube.com/watch?v=XXXXXXX,7.8
veda-mektubu,Veda Mektubu,Farewell Letter,https://www.imdb.com/title/ttXXXXXXX/,2022,A touching story of love and goodbyes.,2022,7.5,7.7,55 min,Star TV,Ended,https://www.youtube.com/watch?v=XXXXXXX,7.5
ego,Ego,Ego,https://www.imdb.com/title/ttXXXXXXX/,2023,A psychological drama exploring the depths of human emotion.,2023,8.1,8.3,60 min,Kanal D,Ongoing,https://www.youtube.com/watch?v=XXXXXXX,8.1
dokuz-oguz,Dokuz Oğuz,Nine Oghuz,https://www.imdb.com/title/ttXXXXXXX/,2022,A historical drama about the legendary Oghuz Turks.,2022,7.6,7.8,60 min,TRT1,Ended,https://www.youtube.com/watch?v=XXXXXXX,7.6
al-sancak,Al Sancak,Red Flag,https://www.imdb.com/title/ttXXXXXXX/,2023,A military drama about courage and sacrifice.,2023,8,8.2,60 min,Kanal D,Ongoing,https://www.youtube.com/watch?v=XXXXXXX,8
ates-kuslari,Ateş Kuşları,Firebirds,https://www.imdb.com/title/ttXXXXXXX/,2023,A drama about firefighters and their struggles.,2023,7.9,8.1,60 min,Star TV,Ongoing,https://www.youtube.com/watch?v=XXXXXXX,7.9
tacsiz-prenses,Taçsız Prenses,Crownless Princess,https://www.imdb.com/title/ttXXXXXXX/,2022,A fairy tale about love and loss.,2022,7.5,7.7,55 min,Kanal D,Ended,https://www.youtube.com/watch?v=XXXXXXX,7.5
omer,Ömer,Omer,https://www.imdb.com/title/ttXXXXXXX/,2023,A touching story of a young man navigating life.,2023,7.8,8,60 min,Show TV,Ongoing,https://www.youtube.com/watch?v=XXXXXXX,7.8
muhtesem-yuzyil,Muhteşem Yüzyıl,Magnificent Century,https://www.imdb.com/title/ttXXXXXXX/,2011,A historical drama about the reign of Suleiman the Magnificent.,2011,8.4,8.6,60 min,Star TV,Ended,https://www.youtube.com/watch?v=XXXXXXX,8.4
menekse-ile-halil,Menekşe ile Halil,Menekşe and Halil,https://www.imdb.com/title/ttXXXXXXX/,2022,A romantic drama about two lovers from different backgrounds.,2022,7.7,7.9,55 min,Kanal D,Ended,https://www.youtube.com/watch?v=XXXXXXX,7.7
sifirinci-gun,Sıfırıncı Gün,Zero Day,https://www.imdb.com/title/ttXXXXXXX/,2023,A thriller about a day that changes everything.,2023,8,8.2,60 min,TRT1,Ongoing,https://www.youtube.com/watch?v=XXXXXXX,8
barbaros-hayreddin-sultanin-fermani,Barbaros Hayreddin Sultanın Fermanı,Barbaros Hayreddin Sultans Decree,https://www.imdb.com/title/ttXXXXXXX/,2022,A historical drama about the legendary admiral Barbaros.,2022,7.9,8.1,60 min,TRT1,Ended,https://www.youtube.com/watch?v=XXXXXXX,7.9
sipahi,Sipahi,The Cavalryman,https://www.imdb.com/title/ttXXXXXXX/,2023,A military drama about the life of a cavalryman.,2023,7.8,8,60 min,Kanal D,Ongoing,https://www.youtube.com/watch?v=XXXXXXX,7.8
cop-adam,Cop Adam,Cop Man,https://www.imdb.com/title/ttXXXXXXX/,2023,"A gripping drama about a dedicated police
officer fighting crime.",2023,7.8,8,60 min,Kanal D,Ongoing,https://www.youtube.com/watch?v=XXXXXXX,7.8
duy-beni,Duy Beni,Hear Me,https://www.imdb.com/title/ttXXXXXXX/,2023,A touching story about love and understanding.,2023,7.5,7.7,60 min,ATV,Ongoing,https://www.youtube.com/watch?v=XXXXXXX,7.5
guzel-gunler,Güzel Günler,Beautiful Days,https://www.imdb.com/title/ttXXXXXXX/,2023,A heartwarming story about family and friendship.,2023,8,8.2,60 min,Star TV,Ongoing,https://www.youtube.com/watch?v=XXXXXXX,8
yurek-cikmazi,Yürek Çıkmazı,Heart Deadlock,https://www.imdb.com/title/ttXXXXXXX/,2022,A drama about love and the struggles of the heart.,2022,7.6,7.8,60 min,Kanal D,Ended,https://www.youtube.com/watch?v=XXXXXXX,7.6
kizilcik-serbeti,Kızılcık Şerbeti,Cornelian Cherry,https://www.imdb.com/title/ttXXXXXXX/,2023,A family drama centered around love and betrayal.,2023,7.9,8.1,60 min,Show TV,Ongoing,https://www.youtube.com/watch?v=XXXXXXX,7.9
darmaduman,Darmaduman,Chaos,https://www.imdb.com/title/ttXXXXXXX/,2023,A story about the chaos in modern relationships.,2023,7.4,7.6,60 min,Kanal D,Ongoing,https://www.youtube.com/watch?v=XXXXXXX,7.4
tuzak,Tuzak,Trap,https://www.imdb.com/title/ttXXXXXXX/,2023,A suspenseful drama about traps set in relationships.,2023,8.1,8.3,60 min,ATV,Ongoing,https://www.youtube.com/watch?v=XXXXXXX,8.1
hayat-bugun,Hayat Bugün,Life Today,https://www.imdb.com/title/ttXXXXXXX/,2023,A drama about the challenges of everyday life.,2023,7.7,7.9,60 min,Star TV,Ongoing,https://www.youtube.com/watch?v=XXXXXXX,7.7
yesilcam,Yeşilçam,Green Pine,https://www.imdb.com/title/ttXXXXXXX/,2022,A nostalgic look at the golden age of Turkish cinema.,2022,8.2,8.4,60 min,Kanal D,Ended,https://www.youtube.com/watch?v=XXXXXXX,8.2
ben-bu-cihana-sigmazam,Ben Bu Cihana Sığmazam,I Can’t Fit in This World,https://www.imdb.com/title/ttXXXXXXX/,2023,A story about a man struggling to find his place in the world.,2023,7.8,8,60 min,ATV,Ongoing,https://www.youtube.com/watch?v=XXXXXXX,7.8
gecenin-ucunda,Gecenin Ucunda,At the End of the Night,https://www.imdb.com/title/ttXXXXXXX/,2023,A drama about the struggles faced at night.,2023,7.6,7.8,60 min,Star TV,Ongoing,https://www.youtube.com/watch?v=XXXXXXX,7.6
bir-peri-masali,Bir Peri Masalı,A Fairy Tale,https://www.imdb.com/title/ttXXXXXXX/,2023,A romantic fantasy about love and magic.,2023,8,8.2,60 min,Kanal D,Ongoing,https://www.youtube.com/watch?v=XXXXXXX,8
sadece-arkadasiz,Sadece Arkadaşız,We Are Just Friends,https://www.imdb.com/title/ttXXXXXXX/,2023,A romantic comedy about friendship and love.,2023,7.5,7.7,60 min,Show TV,Ongoing,https://www.youtube.com/watch?v=XXXXXXX,7.5
aldatmak,Aldatmak,To Deceive,https://www.imdb.com/title/ttXXXXXXX/,2023,A suspenseful drama about betrayal and deception.,2023,7.9,8.1,60 min,ATV,Ongoing,https://www.youtube.com/watch?v=XXXXXXX,7.9
o-kiz,O Kız,That Girl,https://www.imdb.com/title/ttXXXXXXX/,2023,A coming-of-age story about a young girl.,2023,7.7,7.9,60 min,Show TV,Ongoing,https://www.youtube.com/watch?v=XXXXXXX,7.7
senden-daha-guzel,Senden Daha Güzel,More Beautiful Than You,https://www.imdb.com/title/ttXXXXXXX/,2023,A romantic drama exploring beauty and self-acceptance.,2023,8.1,8.3,60 min,Kanal D,Ongoing,https://www.youtube.com/watch?v=XXXXXXX,8.1
bir-kucuk-gun-isigi,Bir Küçük Gün Işığı,A Little Ray of Sunshine,https://www.imdb.com/title/ttXXXXXXX/,2023,A heartwarming story about hope and new beginnings.,2023,7.8,8,60 min,ATV,Ongoing,https://www.youtube.com/watch?v=XXXXXXX,7.8
kusursuz-kiraci,Kusursuz Kiracı,Perfect Tenant,https://www.imdb.com/title/ttXXXXXXX/,2023,A suspenseful thriller about a perfect tenant with a dark secret.,2023,7.9,8.1,60 min,Show TV,Ongoing,https://www.youtube.com/watch?v=XXXXXXX,7.9
ah-nerede,Ah Nerede,Oh Where,https://www.imdb.com/title/ttXXXXXXX/,2023,A drama that explores the themes of loss and longing.,2023,7.5,7.8,60 min,Kanal D,Ongoing,https://www.youtube.com/watch?v=XXXXXXX,7.5
gelsin-hayat-bildigi-gibi,Gelsin Hayat Bildiği Gibi,Let Life Come As It Knows,https://www.imdb.com/title/ttXXXXXXX/,2023,A drama about life’s unexpected turns and friendships.,2023,7.5,7.8,60 min,Show TV,Ongoing,https://www.youtube.com/watch?v=XXXXXXX,7.5
seni-kalbime-sakladim,Seni Kalbime Sakladım,I Kept You in My Heart,https://www.imdb.com/title/ttXXXXXXX/,2023,A romantic drama about hidden feelings and love.,2023,7.8,8,60 min,ATV,Ongoing,https://www.youtube.com/watch?v=XXXXXXX,7.8
tozluyaka,Tozluyaka,Dusty Road,https://www.imdb.com/title/ttXXXXXXX/,2023,A story about the struggles of youth and friendship.,2023,7.6,7.9,60 min,Kanal D,Ongoing,https://www.youtube.com/watch?v=XXXXXXX,7.6
cukur,Çukur,The Pit,https://www.imdb.com/title/ttXXXXXXX/,2017,A gripping drama about a family and their control over a neighborhood.,2017,8.2,8.5,60 min,Show TV,Ended,https://www.youtube.com/watch?v=XXXXXXX,8.2
balkan-ninnisi,Balkan Ninnisi,Balkan Lullaby,https://www.imdb.com/title/ttXXXXXXX/,2023,A drama exploring the lives of families in the Balkans.,2023,7.4,7.6,60 min,TRT1,Ongoing,https://www.youtube.com/watch?v=XXXXXXX,7.4
icimizdeki-ates,İçimizdeki Ateş,The Fire Within Us,https://www.imdb.com/title/ttXXXXXXX/,2023,A story about passion and ambition in a competitive world.,2023,7.7,7.9,60 min,Star TV,Ongoing,https://www.youtube.com/watch?v=XXXXXXX,7.7
sevmek-zamani,Sevmek Zamanı,Time to Love,https://www.imdb.com/title/ttXXXXXXX/,2023,A romantic drama about the challenges of love.,2023,7.8,8,60 min,Kanal D,Ongoing,https://www.youtube.com/watch?v=XXXXXXX,7.8
gul-masali,Gül Masalı,Rose Tale,https://www.imdb.com/title/ttXXXXXXX/,2023,A fairy tale about love and sacrifice.,2023,7.5,7.7,60 min,ATV,Ongoing,https://www.youtube.com/watch?v=XXXXXXX,7.5
gizli-sakli,Gizli Saklı,Hidden Secrets,https://www.imdb.com/title/ttXXXXXXX/,2023,A suspenseful drama about secrets and revelations.,2023,7.6,7.8,60 min,Show TV,Ongoing,https://www.youtube.com/watch?v=XXXXXXX,7.6
kaderimin-oyunu,Kaderimin Oyunu,The Game of My Destiny,https://www.imdb.com/title/ttXXXXXXX/,2023,A drama about fate and the choices we make.,2023,7.9,8.1,60 min,ATV,Ongoing,https://www.youtube.com/watch?v=XXXXXXX,7.9
seversin,Seversin,You Will Love,https://www.imdb.com/title/ttXXXXXXX/,2023,A romantic comedy about unexpected love.,2023,8,8.2,60 min,Kanal D,Ongoing,https://www.youtube.com/watch?v=XXXXXXX,8
ask-mantik-intikam,Aşk Mantık İntikam,Love Logic Revenge,https://www.imdb.com/title/tt13693876/,2021,A romantic comedy about love and revenge in the modern world.,2021,7.1,7.5,120 min,Fox,Ended,https://www.youtube.com/watch?v=XXXXXXX,7.1
iyilik,İyilik,Goodness,https://www.imdb.com/title/tt13693877/,2022,A drama that explores the themes of kindness and compassion.,2022,7.3,7.6,60 min,Kanal D,Ongoing,https://www.youtube.com/watch?v=XXXXXXX,7.3
annenin-sirridir-cocuk,Annenin Sırrıdır Çocuk,A Mother’s Secret is a Child,https://www.imdb.com/title/tt13693878/,2022,A touching story about motherhood and the secrets that bind families.,2022,7.5,7.8,60 min,Star TV,Ongoing,https://www.youtube.com/watch?v=XXXXXXX,7.5
hakim,Hakim,The Judge,https://www.imdb.com/title/tt13693879/,2022,A legal drama that follows the life of a judge navigating the complexities of justice.,2022,8,8.2,60 min,Kanal D,Ongoing,https://www.youtube.com/watch?v=XXXXXXX,8
kasaba-doktoru,Kasaba Doktoru,Town Doctor,https://www.imdb.com/title/tt13693880/,2022,A drama about the challenges faced by a small-town doctor.,2022,7.4,7.7,60 min,TRT1,Ongoing,https://www.youtube.com/watch?v=XXXXXXX,7.4
gulümse-kaderine,Gülümse Kaderine,Smile at Your Destiny,https://www.imdb.com/title/tt13693881/,2022,A romantic drama about fate and love.,2022,7.6,7.9,60 min,Kanal D,Ongoing,https://www.youtube.com/watch?v=XXXXXXX,7.6
adi-sevgi,Adı Sevgi,Name is Love,https://www.imdb.com/title/tt13693883/,2022,A romantic story exploring the meaning of love.,2022,7.7,8,60 min,Kanal D,Ongoing,https://www.youtube.com/watch?v=XXXXXXX,7.7
kara-tahta,Kara Tahta,Blackboard,https://www.imdb.com/title/tt13693884/,2022,A drama about a teacher and the challenges faced in education.,2022,7.5,7.8,60 min,TRT1,Ongoing,https://www.youtube.com/watch?v=XXXXXXX,7.5
kurulus-osman,Kuruluş Osman,Establishment: Osman,https://www.imdb.com/title/tt10545026/,2019,"A historical drama about the life of Osman I, the founder of the Ottoman Empire.",2019,8.5,8.7,60 min,ATV,Ongoing,https://www.youtube.com/watch?v=XXXXXXX,8.5
son-nefesime-kadar,Son Nefesime Kadar,Until My Last Breath,https://www.imdb.com/title/tt13693885/,2022,A gripping drama about love and sacrifice.,2022,7.9,8.2,60 min,Kanal D,Ongoing,https://www.youtube.com/watch?v=XXXXXXX,7.9
uc-kiz-kardes,Uç Kız Kardeş,Three Sisters,https://www.imdb.com/title/tt14371092/,2022,The story of three sisters navigating life and their relationships.,2022,7.8,8,60 min,Kanal D,Ongoing,https://www.youtube.com/watch?v=XXXXXXX,7.8
hayaller-ve-hayatlar,Hayaller Ve Hayatlar,Dreams and Lives,https://www.imdb.com/title/tt14371093/,2023,A drama that explores the dreams and struggles of young adults.,2023,7.5,7.7,60 min,TRT1,Ongoing,https://www.youtube.com/watch?v=XXXXXXX,7.5
erkek-severse,Erkek Severse,If a Man Loves,https://www.imdb.com/title/tt14371094/,2023,A romantic drama about the complexities of love and relationships.,2023,7.6,7.8,60 min,Kanal D,Ongoing,https://www.youtube.com/watch?v=XXXXXXX,7.6
baba,Baba,Father,https://www.imdb.com/title/tt14371095/,2022,A family drama that explores the bonds between a father and his children.,2022,8,8.3,60 min,Show TV,Ongoing,https://www.youtube.com/watch?v=XXXXXXX,8
oglum,Oğlum,My Son,https://www.imdb.com/title/tt14371096/,2022,A touching story about a mother and her son navigating life’s challenges.,2022,7.7,8,60 min,TRT1,Ongoing,https://www.youtube.com/watch?v=XXXXXXX,7.7
yalniz-kurt,Yalnız Kurt,Lone Wolf,https://www.imdb.com/title/tt14371097/,2023,A drama about a lone wolf fighting against injustice.,2023,7.8,8.1,60 min,Kanal D,Ongoing,https://www.youtube.com/watch?v=XXXXXXX,7.8
bir-ask-hikayesi,Bir Aşk Hikayesi,A Love Story,https://www.imdb.com/title/tt14371098/,2022,A romantic drama about the trials and tribulations of love.,2022,7.5,7.8,60 min,Star TV,Ongoing,https://www.youtube.com/watch?v=XXXXXXX,7.5
kanunsuz-topraklar,Kanunsuz Topraklar,Lawless Lands,https://www.imdb.com/title/tt14371099/,2022,A gripping drama set in the lawless regions of Turkey.,2022,7.9,8.2,60 min,Fox,Ongoing,https://www.youtube.com/watch?v=XXXXXXX,7.9
yargi,Yargı,Judgment,https://www.imdb.com/title/tt14371100/,2021,A legal drama that explores the complexities of justice.,2021,8.3,8.5,60 min,Kanal D,Ongoing,https://www.youtube.com/watch?v=XXXXXXX,8.3
camdaki-kiz,Camdaki Kız,The Girl in the Window,https://www.imdb.com/title/tt14371101/,2021,A psychological drama about love and betrayal.,2021,7.9,8.1,60 min,Kanal D,Ongoing,https://www.youtube.com/watch?v=XXXXXXX,7.9
kardeslerim,Kardeşlerim,My Siblings,https://www.imdb.com/title/tt13693882/,2021,The story of four siblings who struggle to survive after losing their parents.,2021,8.1,8.4,60 min,ATV,Ongoing,https://www.youtube.com/watch?v=XXXXXXX,8.1
bir-zamanlar-cukurova,Bir Zamanlar Çukurova,Once Upon a Time in Çukurova,https://www.imdb.com/title/tt8100584/,2018,A powerful story of love and ambition set in the 1970s in Çukurova.,2018,7.9,8.2,60 min,ATV,Ongoing,https://www.youtube.com/watch?v=XXXXXXX,7.9
kirmizi-oda,Kırmızı Oda,The Red Room,https://www.imdb.com/title/tt12875146/,2020,A psychological drama that explores the lives of patients in a therapy room.,2020,8,8.3,60 min,TV8,Ongoing,https://www.youtube.com/watch?v=XXXXXXX,8
sen-anlat-karadeniz,Sen Anlat Karadeniz,Tell Me About the Black Sea,https://www.imdb.com/title/tt8343190/,2018,A gripping story of love and struggle against oppression.,2018,7.6,7.9,60 min,ATV,Ended,https://www.youtube.com/watch?v=XXXXXXX,7.6
bay-yanlis,Bay Yanlış,Mr. Wrong,https://www.imdb.com/title/tt13065938/,2020,A romantic comedy about a man who teaches a woman about love.,2020,6.9,7.2,60 min,Fox,Ended,https://www.youtube.com/watch?v=XXXXXXX,6.9
masumlar-apartmani,Masumlar Apartmanı,Innocents Apartment,https://www.imdb.com/title/tt12875145/,2020,A drama about the lives of people living in an apartment complex.,2020,8.3,8.5,60 min,TRT1,Ongoing,https://www.youtube.com/watch?v=XXXXXXX,8.3
evlilik-hakkinda-her-sey,Evlilik Hakkında Her Şey,Everything About Marriage,https://www.imdb.com/title/tt13469860/,2021,A romantic comedy exploring the ups and downs of marriage.,2021,7.4,7.6,60 min,Fox,Ongoing,https://www.youtube.com/watch?v=XXXXXXX,7.4
sadakatsiz,Sadakatsiz,Unfaithful,https://www.imdb.com/title/tt13065939/,2020,A drama about betrayal and the consequences of infidelity.,2020,7.7,8,60 min,Kanal D,Ongoing,https://www.youtube.com/watch?v=XXXXXXX,7.7
mahkum,Mahkum,Prisoner,https://www.imdb.com/title/tt13693886/,2021,A gripping drama about a man fighting for justice from prison.,2021,8.2,8.4,60 min,Fox,Ongoing,https://www.youtube.com/watch?v=XXXXXXX,8.2
siyah-beyaz-ask,Siyah Beyaz Aşk,Black and White Love,https://www.imdb.com/title/tt7574250/,2017,A passionate love story between two people from different worlds.,2017,7.8,8.1,60 min,Kanal D,Ended,https://www.youtube.com/watch?v=XXXXXXX,7.8
kagit-ev,Kağıt Ev,Paper House,https://www.imdb.com/title/tt13693887/,2022,A drama about the fragility of life and relationships.,2022,7.5,7.8,60 min,TRT1,Ongoing,https://www.youtube.com/watch?v=XXXXXXX,7.5
mavera,Mavera,Mavera,https://www.imdb.com/title/tt13693888/,2022,A historical drama set in the Ottoman Empire.,2022,7.6,7.9,60 min,TRT1,Ongoing,https://www.youtube.com/watch?v=XXXXXXX,7.6
masumiyet,Masumiyet,Innocence,https://www.imdb.com/title/tt13693889/,2021,"A gripping drama about love, betrayal, and the quest for justice.",2021,7.5,7.8,60 min,Fox,Ongoing,https://www.youtube.com/watch?v=XXXXXXX,7.5
seni-cok-bekledim,Seni Çok Bekledim,I Waited for You So Much,https://www.imdb.com/title/tt13693890/,2021,A romantic drama about longing and the trials of love.,2021,7.4,7.6,60 min,Kanal D,Ongoing,https://www.youtube.com/watch?v=XXXXXXX,7.4
marasli,Maraşlı,The Maraşlı,https://www.imdb.com/title/tt13566884/,2021,A story about a former soldier turned bookstore owner who gets involved in a dangerous situation.,2021,7.8,8.1,60 min,ATV,Ended,https://www.youtube.com/watch?v=XXXXXXX,7.8
akinci,Akıncı,The Raider,https://www.imdb.com/title/tt13469861/,2021,A superhero drama about a man who takes on the mantle of a vigilante.,2021,7.5,7.7,60 min,ATV,Ongoing,https://www.youtube.com/watch?v=XXXXXXX,7.5
akrep,Akrep,Scorpion,https://www.imdb.com/title/tt13693892/,2021,A drama about revenge and the consequences of past actions.,2021,7.6,7.9,60 min,Star TV,Ongoing,https://www.youtube.com/watch?v=XXXXXXX,7.6
sefirin-kizi,Sefirin Kızı,The Ambassador’s Daughter,https://www.imdb.com/title/tt10306066/,2019,A romantic drama about the daughter of an ambassador and her forbidden love.,2019,7.8,8.1,60 min,Star TV,Ended,https://www.youtube.com/watch?v=XXXXXXX,7.8
hercai,Hercai,Revenge,https://www.imdb.com/title/tt8110314/,2019,A passionate love story filled with revenge and betrayal.,2019,7.4,7.7,60 min,ATV,Ended,https://www.youtube.com/watch?v=XXXXXXX,7.4
kirmizi-kamyon,Kırmızı Kamyon,Red Truck,https://www.imdb.com/title/tt13693893/,2021,A drama centered around firefighters and their heroic deeds.,2021,7.5,7.8,60 min,ATV,Ongoing,https://www.youtube.com/watch?v=XXXXXXX,7.5
sol-yanim,Sol Yanım,My Left Side,https://www.imdb.com/title/tt13469862/,2020,A romantic drama about love and the challenges faced by the characters.,2020,7.3,7.6,60 min,Star TV,Ended,https://www.youtube.com/watch?v=XXXXXXX,7.3
kefaret,Kefaret,Atonement,https://www.imdb.com/title/tt13693894/,2021,A drama about redemption and the quest for forgiveness.,2021,7.8,8,60 min,Star TV,Ongoing,https://www.youtube.com/watch?v=XXXXXXX,7.8
alev-alev,Alev Alev,Flames,https://www.imdb.com/title/tt13469863/,2020,"A drama about love, betrayal, and survival amidst flames.",2020,7.9,8.2,60 min,Show TV,Ongoing,https://www.youtube.com/watch?v=XXXXXXX,7.9
gonul-dagi,Gönül Dağı,An Anatolian Tale,https://www.imdb.com/title/tt12872884/,2020,A touching story about a man’s dreams and his love for his childhood sweetheart.,2020,7.6,8,60 min,TRT1,Ongoing,https://www.youtube.com/watch?v=XXXXXXX,7.6
cocukluk,Çocukluk,Childhood,https://www.imdb.com/title/tt13469860/,2021,A drama that explores the innocence and challenges of childhood.,2021,7.5,7.8,60 min,Kanal D,Ongoing,https://www.youtube.com/watch?v=XXXXXXX,7.5
uyanis-buyuk-selcuklu,Uyanış: Büyük Selçuklu,Awakening: The Great Seljuks,https://www.imdb.com/title/tt13065939/,2020,A historical drama about the rise of the Seljuk Empire.,2020,7.7,8,60 min,TRT1,Ongoing,https://www.youtube.com/watch?v=XXXXXXX,7.7
ariza,Arıza,The Fault,https://www.imdb.com/title/tt13469861/,2020,A drama about love and revenge intertwined with complex relationships.,2020,7.4,7.6,60 min,Show TV,Ongoing,https://www.youtube.com/watch?v=XXXXXXX,7.4
iyi-gunde-kotu-gunde,İyi Günde Kötü Günde,In Good Times and Bad,https://www.imdb.com/title/tt13469862/,2021,A romantic comedy exploring love through ups and downs.,2021,7.5,7.8,60 min,Star TV,Ongoing,https://www.youtube.com/watch?v=XXXXXXX,7.5
maria-ile-mustafa,Maria ile Mustafa,Maria and Mustafa,https://www.imdb.com/title/tt13469863/,2021,A romantic drama about love that transcends cultural boundaries.,2021,7.4,7.6,60 min,Kanal D,Ongoing,https://www.youtube.com/watch?v=XXXXXXX,7.4
kuzey-yildizi,Kuzey Yıldızı,North Star,https://www.imdb.com/title/tt10010066/,2019,A romantic comedy about a man who returns to his hometown.,2019,7.4,7.6,60 min,Show TV,Ended,https://www.youtube.com/watch?v=XXXXXXX,7.4
mucize-doktor,Mucize Doktor,Miracle Doctor,https://www.imdb.com/title/tt10627566/,2019,A story about a young surgeon with savant syndrome.,2019,8.2,8.5,60 min,Fox,Ended,https://www.youtube.com/watch?v=XXXXXXX,8.2
zumruduanka,Zümrüdüanka,The Emerald,https://www.imdb.com/title/tt13469865/,2021,A fantasy drama about love and sacrifice.,2021,7.5,7.8,60 min,TRT1,Ongoing,https://www.youtube.com/watch?v=XXXXXXX,7.5
payitaht-abdulhamid,Payitaht Abdülhamid,The Last Emperor,https://www.imdb.com/title/tt7060460/,2017,A historical drama about the reign of Sultan Abdulhamid II.,2017,8.5,8.7,60 min,TRT1,Ended,https://www.youtube.com/watch?v=XXXXXXX,8.5
yeni-hayat,Yeni Hayat,New Life,https://www.imdb.com/title/tt13469864/,2021,A story about starting over and finding new beginnings.,2021,7.5,7.7,60 min,Kanal D,Ongoing,https://www.youtube.com/watch?v=XXXXXXX,7.5
menajerimi-ara,Menajerimi Ara,Call My Manager,,2020,A drama about the lives of talent agents and their clients.,2020,TV-14,7.5,45 min,Star TV,Ended,https://www.youtube.com/watch?v=example1,7.5
baraj,Baraj,Dam,,2020,A love story that unfolds against the backdrop of a dam.,2020,TV-14,6.8,120 min,Kanal D,Ended,https://www.youtube.com/watch?v=example2,6.8
babil,Babil,Babylon,,2020,A gripping story about a father who will do anything for his son.,2020,TV-14,7.4,120 min,Star TV,Ended,https://www.youtube.com/watch?v=example3,7.4
dogdugun-ev-kaderindir,Doğduğun Ev Kaderindir,Your Home is Your Destiny,,2020,A tale of love and fate intertwined.,2020,TV-14,7.9,120 min,TV8,Ended,https://www.youtube.com/watch?v=example4,7.9
gencligim-eyvah,Gençliğim Eyvah,My Youth is a Mess,,2021,A comedy about the challenges of youth.,2021,TV-14,6.5,90 min,TRT 1,Ended,https://www.youtube.com/watch?v=example5,6.5
adi-mutluluk,Adı Mutluluk,Name Happiness,,2015,A romantic drama exploring love and family.,2015,TV-14,6.7,120 min,Fox,Ended,https://www.youtube.com/watch?v=example6,6.7
hayat-sarkisi,Hayat Şarkısı,The Song of Life,,2016,A drama about the struggles of life and love.,2016,TV-14,7.2,120 min,Kanal D,Ended,https://www.youtube.com/watch?v=example7,7.2
ask-yeniden,Aşk Yeniden,Love Again,,2015,A romantic comedy about second chances.,2015,TV-14,7,120 min,Fox,Ended,https://www.youtube.com/watch?v=example8,7
benim-adim-melek,Benim Adım Melek,My Name is Melek,,2019,A touching story about a mother's love and sacrifice.,2019,TV-14,7.3,120 min,TRT 1,Ended,https://www.youtube.com/watch?v=example9,7.3
yuksek-sosyete,Yüksek Sosyete,High Society,,2016,A romantic drama set in the high society of Istanbul.,2016,TV-14,6.6,120 min,Star TV,Ended,https://www.youtube.com/watch?v=example10,6.6
sampiyon,Sampiyon,Champion,,2021,A story about a boxer and his struggles.,2021,TV-14,7.5,45 min,Star TV,Ended,https://www.youtube.com/watch?v=example1,7.5
yemin,Yemin,The Promise,,2019,A love story filled with promises and challenges.,2019,TV-14,6.8,120 min,Kanal 7,Ended,https://www.youtube.com/watch?v=example2,6.8
erkenci-kus,Erkenci Kuş,Early Bird,,2018,A romantic comedy about a young woman and her boss.,2018,TV-14,7.8,120 min,Star TV,Ended,https://www.youtube.com/watch?v=example3,7.8
fatih-harbiye,Fatih Harbiye,Fatih Harbiye,,2013,A drama about love and cultural clashes.,2013,TV-14,7,120 min,Show TV,Ended,https://www.youtube.com/watch?v=example4,7
4n1k-ilk-ask,4N1K ilk ask,4N1K: First Love,,2016,A romantic drama about first love.,2016,TV-14,6.5,90 min,Star TV,Ended,https://www.youtube.com/watch?v=example5,6.5
bizim-hikaye,Bizim Hikaye,Our Story,,2017,A story about a dysfunctional family.,2017,TV-14,7.4,120 min,Fox,Ended,https://www.youtube.com/watch?v=example6,7.4
seviyor-sevmiyor,Seviyor Sevmiyor,"Loves Me, Loves Me Not",,2016,A romantic comedy about love and misunderstandings.,2016,TV-14,6.9,120 min,Star TV,Ended,https://www.youtube.com/watch?v=example7,6.9
zalim-istanbul,Zalim İstanbul,Cruel Istanbul,,2019,A drama about family and betrayal.,2019,TV-14,7.2,120 min,Kanal D,Ended,https://www.youtube.com/watch?v=example8,7.2
kuzey-guney,Kuzey Güney,North South,,2011,A story about two brothers with opposing lives.,2011,TV-14,7.6,120 min,Kanal D,Ended,https://www.youtube.com/watch?v=example9,7.6
kiraz-mevsimi,Kiraz Mevsimi,Cherry Season,,2014,A romantic comedy about a love triangle.,2014,TV-14,7,120 min,Star TV,Ended,https://www.youtube.com/watch?v=example10,7
soz,Söz,The Oath,,2017,A gripping drama about a special forces officer.,2017,TV-14,7.5,120 min,Star TV,Ended,https://www.youtube.com/watch?v=example1,7.5
iffet,Iffet,Iffet,,2011,A romantic drama about love and betrayal.,2011,TV-14,6.9,120 min,Kanal D,Ended,https://www.youtube.com/watch?v=example2,6.9
gecenin-kralicesi,Gecenin Kralicesi,Queen of the Night,,2016,A story of love and ambition in the music industry.,2016,TV-14,7,120 min,Star TV,Ended,https://www.youtube.com/watch?v=example3,7
meryem,Meryem,Meryem,,2017,A drama about a woman seeking justice.,2017,TV-14,6.8,120 min,Kanal D,Ended,https://www.youtube.com/watch?v=example4,6.8
ramo,Ramo,Ramo,,2020,A story of a man caught between love and crime.,2020,TV-14,7.4,120 min,Show TV,Ended,https://www.youtube.com/watch?v=example5,7.4
gunesin-kizlari,Güneşin Kızları,Daughters of the Sun,,2015,A story about the lives of three sisters.,2015,TV-14,7.2,120 min,Star TV,Ended,https://www.youtube.com/watch?v=example6,7.2
sen-anlat-karadeniz,Sen Anlat Karadeniz,Tell Me About the Black Sea,,2018,A gripping tale of love and revenge.,2018,TV-14,7.5,120 min,ATV,Ended,https://www.youtube.com/watch?v=example7,7.5
karadayi,Karadayı,Karadayi,,2012,A story of love and justice in the 1970s.,2012,TV-14,8,120 min,ATV,Ended,https://www.youtube.com/watch?v=example8,8
kalp-atisi,Kalp Atışı,Heartbeat,,2019,A medical drama about love and life.,2019,TV-14,7.3,120 min,Show TV,Ended,https://www.youtube.com/watch?v=example9,7.3
canevim,Canevim,My Home,,2020,A heartwarming story about family and love.,2020,TV-14,6.7,120 min,Star TV,Ended,https://www.youtube.com/watch?v=example10,6.7
hekimoglu,Hekimoglu,Hekimoğlu,,2019,A medical drama about a brilliant doctor.,2019,TV-14,7.8,120 min,Kanal D,Ended,https://www.youtube.com/watch?v=example1,7.8
cennet,Cennet,Paradise,,2019,A story about love and family struggles.,2019,TV-14,7.1,120 min,Kanal D,Ended,https://www.youtube.com/watch?v=example2,7.1
kizim,Kızım,My Daughter,,2018,A touching story about a father and daughter.,2018,TV-14,8.2,120 min,TV8,Ended,https://www.youtube.com/watch?v=example3,8.2
fatmagul,Fatmagül,Fatmagül'ün Suçu Ne?,,2010,A drama about a young woman seeking justice.,2010,TV-14,7.5,120 min,Kanal D,Ended,https://www.youtube.com/watch?v=example4,7.5
afili-ask,Afili Aşk,Afili Aşk,,2019,A romantic comedy about love and deception.,2019,TV-14,6.9,120 min,Star TV,Ended,https://www.youtube.com/watch?v=example5,6.9
gulperi,Gülperi,Gulperi,,2018,A drama about a mother fighting for her children.,2018,TV-14,7.4,120 min,Show TV,Ended,https://www.youtube.com/watch?v=example6,7.4
inadina-ask,İnadına Aşk,Inadina Aşk,,2015,A romantic comedy about stubborn love.,2015,TV-14,7,120 min,Star TV,Ended,https://www.youtube.com/watch?v=example7,7
aglama-anne,Ağlama Anne,Don't Cry Mother,,2018,A heart-wrenching story about a mother and her children.,2018,TV-14,7.3,120 min,Kanal D,Ended,https://www.youtube.com/watch?v=example8,7.3
muhtesem-ikili,Muhtesem İkili,The Magnificent Two,,2018,A story about two brothers with different lives.,2018,TV-14,6.8,120 min,Star TV,Ended,https://www.youtube.com/watch?v=example9,6.8
carpisma,Çarpışma,Collision,,2018,A drama about fate and the intertwining lives of four people.,2018,TV-14,6.5,120 min,Show TV,Ended,https://www.youtube.com/watch?v=example10,6.5
siyah-inci,Siyah İnci,Black Pearl,,2017,A romantic drama about love and sacrifice.,2017,TV-14,7.2,120 min,Star TV,Ended,https://www.youtube.com/watch?v=example1,7.2
kiralik-ask,Kiralık Aşk,Rent a Girlfriend,,2015,A romantic comedy about a girl who pretends to be a girlfriend.,2015,TV-14,7.9,120 min,Star TV,Ended,https://www.youtube.com/watch?v=example2,7.9
dolunay,Dolunay,Full Moon,,2017,A romantic drama between a chef and his boss.,2017,TV-14,7.5,120 min,Star TV,Ended,https://www.youtube.com/watch?v=example3,7.5
ask-laftan-anlamaz,Aşk Laftan Anlamaz,Love Doesn't Understand Words,,2016,A romantic comedy about misunderstanding and love.,2016,TV-14,7.4,120 min,Show TV,Ended,https://www.youtube.com/watch?v=example4,7.4
tatli-intikam,Tatlı İntikam,Sweet Revenge,,2016,A romantic comedy about revenge and love.,2016,TV-14,6.8,120 min,Kanal D,Ended,https://www.youtube.com/watch?v=example5,6.8
coban-yildizi,Çoban Yıldızı,Shepherd Star,,2019,A story about love and family values.,2019,TV-14,7,120 min,Star TV,Ended,https://www.youtube.com/watch?v=example6,7
hayatimin-aski,Hayatımın Aşkı,The Love of My Life,,2016,A romantic drama about unexpected love.,2016,TV-14,7.6,120 min,Kanal D,Ended,https://www.youtube.com/watch?v=example7,7.6
gel-dese-ask,Gel Dese Aşk,"Come, Love",,2019,A romantic comedy about love and destiny.,2019,TV-14,7.1,120 min,Star TV,Ended,https://www.youtube.com/watch?v=example8,7.1
vatanim-sensin,Vatanım Sensin,Wounded Love,,2016,A historical drama set during World War I.,2016,TV-14,8.3,120 min,Kanal D,Ended,https://www.youtube.com/watch?v=example9,8.3
vuslat,Vuslat,Reunion,,2019,A story about love and spiritual journeys.,2019,TV-14,7.4,120 min,TRT 1,Ended,https://www.youtube.com/watch?v=example10,7.4
kara-sevda,Kara Sevda,Endless Love,,2015,A romantic drama about a love that transcends all obstacles.,2015,TV-14,8,120 min,Star TV,Ended,https://www.youtube.com/watch?v=example1,8
cesur-ve-guzel,Cesur ve Güzel,Brave and Beautiful,,2016,A story of love and revenge in a wealthy family.,2016,TV-14,7.5,120 min,Star TV,Ended,https://www.youtube.com/watch?v=example2,7.5
zemheri,Zemheri,Frost,,2020,A drama about love and betrayal in a cold world.,2020,TV-14,6.9,120 min,Show TV,Ended,https://www.youtube.com/watch?v=example3,6.9
paramparca,Paramparça,Shattered,,2014,A story about two families intertwined by fate.,2014,TV-14,7.4,120 min,Star TV,Ended,https://www.youtube.com/watch?v=example4,7.4
kardes-cocuklari,Kardeş Çocukları,Siblings,,2019,A drama about the struggles of siblings.,2019,TV-14,7.2,120 min,Star TV,Ended,https://www.youtube.com/watch?v=example5,7.2
cocuk,Çocuk,Child,,2019,A touching story about a child and the challenges of life.,2019,TV-14,7.1,120 min,Kanal D,Ended,https://www.youtube.com/watch?v=example6,7.1
azize,Azize,Azize,,2019,A story of love and sacrifice.,2019,TV-14,6.8,120 min,Star TV,Ended,https://www.youtube.com/watch?v=example7,6.8
kimse-bilmez,Kimse Bilmez,Nobody Knows,,2019,A drama about hidden truths and family ties.,2019,TV-14,7.3,120 min,ATV,Ended,https://www.youtube.com/watch?v=example8,7.3
sevgili-gecmis,Sevgili Geçmiş,Dear Past,,2019,A romantic drama about confronting the past.,2019,TV-14,6.6,120 min,Kanal D,Ended,https://www.youtube.com/watch?v=example9,6.6
elimi-birakma,Elimi Bırakma,Don't Let Go,,2018,A love story filled with challenges and perseverance.,2018,TV-14,7.7,120 min,TRT 1,Ended,https://www.youtube.com/watch?v=example10,7.7
ask-aglatir,Aşk Ağlatır,Love Makes You Cry,,2019,A romantic drama about love and its pains.,2019,TV-14,7.4,120 min,Kanal D,Ended,https://www.youtube.com/watch?v=example11,7.4
ferhat-ile-sirin,Ferhat ile Şirin,Ferhat and Sirin,,2019,A romantic drama based on the classic love story.,2019,TV-14,7.5,120 min,Star TV,Ended,https://www.youtube.com/watch?v=example1,7.5
her-yerde-sen,Her Yerde Sen,Everywhere You Are,,2019,A romantic comedy about unexpected love.,2019,TV-14,7.4,120 min,Star TV,Ended,https://www.youtube.com/watch?v=example2,7.4
benim-tatli-yalanim,Benim Tatlı Yalanım,My Sweet Lie,,2019,A story about love and deception.,2019,TV-14,6.8,120 min,Kanal D,Ended,https://www.youtube.com/watch?v=example3,6.8
kursun,Kurşun,The Bullet,,2019,A drama about a detective and his struggles.,2019,TV-14,7,120 min,Fox,Ended,https://www.youtube.com/watch?v=example4,7
iceride,İçerde,Inside,,2016,A gripping story about brothers on opposite sides of the law.,2016,TV-14,8.2,120 min,Show TV,Ended,https://www.youtube.com/watch?v=example5,8.2
seref-sozu,Şeref Sözü,Word of Honor,,2019,A tale of loyalty and honor in a complex world.,2019,TV-14,7.3,120 min,Kanal D,Ended,https://www.youtube.com/watch?v=example6,7.3
meleklerin-aski,Meleklerin Aşkı,Angel's Love,,2019,A romantic drama about love and sacrifice.,2019,TV-14,6.9,120 min,Star TV,Ended,https://www.youtube.com/watch?v=example7,6.9
hayat-mucizelere-gebe,Hayat Mucizelere Gebe,Life is Full of Miracles,,2019,A heartwarming story about life and miracles.,2019,TV-14,7.1,120 min,TRT 1,Ended,https://www.youtube.com/watch?v=example8,7.1
kordugum,Kordugum,The Knot,,2019,A drama about love and family ties.,2019,TV-14,7.4,120 min,Star TV,Ended,https://www.youtube.com/watch?v=example9,7.4
benim-hala-umudum-var,Benim Hala Umudum Var,I Still Have Hope,,2019,A story about hope and perseverance.,2019,TV-14,7,120 min,Kanal D,Ended,https://www.youtube.com/watch?v=example10,7
bana-sevmeyi-anlat,Bana Sevmeyi Anlat,Tell Me How to Love,,2016,A romantic drama exploring the complexities of love.,2016,TV-14,7.2,120 min,Star TV,Ended,https://www.youtube.com/watch?v=example1,7.2
sahane-damat,Şahane Damat,The Perfect Groom,,2018,A romantic comedy about love and family expectations.,2018,TV-14,6.9,120 min,Kanal D,Ended,https://www.youtube.com/watch?v=example2,6.9
nefes-nefese,Nefes Nefese,Breathless,,2018,A gripping drama about a woman fighting for her life.,2018,TV-14,7.5,120 min,Star TV,Ended,https://www.youtube.com/watch?v=example3,7.5
darisi-basimiza,Darısı Başımıza,Our Turn,,2019,A story about love and destiny.,2019,TV-14,7,120 min,Kanal D,Ended,https://www.youtube.com/watch?v=example4,7
mendirman-jaloliddin,Mendirman Jaloliddin,Mendirman Jaloliddin,,2021,A historical drama about a legendary figure.,2021,TV-14,8,120 min,TRT 1,Ended,https://www.youtube.com/watch?v=example5,8
fi,Fi,Fi,,2017,A psychological drama about love and obsession.,2017,TV-14,7.8,120 min,Puhu TV,Ended,https://www.youtube.com/watch?v=example6,7.8
atesbocegi,Ateşböceği,Firefly,,2018,A romantic drama about a young couple in love.,2018,TV-14,6.7,120 min,Star TV,Ended,https://www.youtube.com/watch?v=example7,6.7
vurgun,Vurgun,Vengeance,,2019,A story of love and revenge.,2019,TV-14,7.4,120 min,Kanal D,Ended,https://www.youtube.com/watch?v=example8,7.4
bir-deli-ruzgar,Bir Deli Rüzgar,A Crazy Wind,,2018,A romantic drama about unexpected love.,2018,TV-14,7.1,120 min,Star TV,Ended,https://www.youtube.com/watch?v=example9,7.1
mehmed-bir-cihan-fatihi,Mehmed Bir Cihan Fatihi,Mehmed: The Conqueror,,2018,A historical drama about the life of Mehmed II.,2018,TV-14,8.5,120 min,Kanal D,Ended,https://www.youtube.com/watch?v=example10,8.5
leke,Leke,The Stain,,2021,A drama about a family dealing with a dark secret.,2021,TV-14,7.2,120 min,Show TV,Ended,https://www.youtube.com/watch?v=example1,7.2
hayat-sirlari,Hayat Sırları,Life Secrets,,2020,A story about uncovering the mysteries of life.,2020,TV-14,7.5,120 min,Kanal D,Ended,https://www.youtube.com/watch?v=example2,7.5
bir-umut-yeter,Bir Umut Yeter,One Hope is Enough,,2019,A drama about finding hope in difficult times.,2019,TV-14,6.8,120 min,Star TV,Ended,https://www.youtube.com/watch?v=example3,6.8
gulizar,Gülizar,Gülizar,,2018,A romantic drama set in the 1950s.,2018,TV-14,7,120 min,Kanal D,Ended,https://www.youtube.com/watch?v=example4,7
dayan-yuregim,Dayan Yüreğim,Stay Strong My Heart,,2019,A story about a woman's strength and resilience.,2019,TV-14,7.3,120 min,TV8,Ended,https://www.youtube.com/watch?v=example5,7.3
keskin-bicak,Keskin Bıçak,Sharp Knife,,2020,A crime drama about a detective and his cases.,2020,TV-14,7.1,120 min,Fox,Ended,https://www.youtube.com/watch?v=example6,7.1
hizmetciler,Hizmetçiler,The Servants,,2018,A drama about the lives of household servants.,2018,TV-14,6.9,120 min,Kanal D,Ended,https://www.youtube.com/watch?v=example7,6.9
kizlarim-icin,Kızlarım İçin,For My Daughters,,2019,A story about a father's love and sacrifice for his daughters.,2019,TV-14,7.4,120 min,TRT 1,Ended,https://www.youtube.com/watch?v=example8,7.4
seref-meselesi,Şeref Meselesi,A Matter of Honor,,2020,A drama about family honor and its consequences.,2020,TV-14,7.2,120 min,Show TV,Ended,https://www.youtube.com/watch?v=example9,7.2
bir-aile-hikayesi,Bir Aile Hikayesi,A Family Story,,2019,A heartwarming tale about the bonds of family.,2019,TV-14,7,120 min,Kanal D,Ended,https://www.youtube.com/watch?v=example10,7
